-- Languages and captions

Insert into language values('eng', 'English', 'IMMO', current_timestamp, 'IMMO', current_timestamp);
Insert into language values('fre', 'French', 'IMMO', current_timestamp, 'IMMO', current_timestamp);

Insert into application values('COMMON', 'Common captions', 'Common captions', 'IMMO', current_timestamp, 'IMMO', current_timestamp);
Insert into application values('IMMO_BUILDINGS', 'IMMO buildings', 'IMMO buildings page captions', 'IMMO', current_timestamp, 'IMMO', current_timestamp);
Insert into application values('IMMO_BUILDING_INFO', 'IMMO building info', 'IMMO building information page captions', 'IMMO', current_timestamp, 'IMMO', current_timestamp);
Insert into application values('IMMO_OWNERS', 'IMMO owners', 'IMMO owners page captions', 'IMMO', current_timestamp, 'IMMO', current_timestamp);
Insert into application values('IMMO_OWNER_INFO', 'IMMO owner info', 'IMMO owner information page captions', 'IMMO', current_timestamp, 'IMMO', current_timestamp);
Insert into application values('BUILDINGS_ADD', 'IMMO owner info', 'IMMO owner information page captions', 'IMMO', current_timestamp, 'IMMO', current_timestamp);
Insert into application values('BUILDINGS_API_POST', 'IMMO BUILDINGS POST', 'IMMO buildings API - POST', 'IMMO', current_timestamp, 'IMMO', current_timestamp);
Insert into application values('OWNERS_API_POST', 'IMMO OWNERS POST', 'IMMO owner API - POST', 'IMMO', current_timestamp, 'IMMO', current_timestamp);
Insert into application values('UNITS_API_POST', 'IMMO UNITS POST', 'IMMO units API - POST', 'IMMO', current_timestamp, 'IMMO', current_timestamp);
Insert into application values('UNITS_FORM', 'IMMO UNITS FORM', 'IMMO units form messages', 'IMMO', current_timestamp, 'IMMO', current_timestamp);
Insert into application values('BUILDING_CREATE', 'BUILDING CREATE', 'Builduing creation messages', 'IMMO', current_timestamp, 'IMMO', current_timestamp);
Insert into application values('BUiLDING_UPDATE', 'BUILDING UPDATE', 'Builduing info update messages', 'IMMO', current_timestamp, 'IMMO', current_timestamp);
Insert into application values('BUILDING_DELETE', 'BUILDING DELETE', 'Building delete messages', 'IMMO', current_timestamp, 'IMMO', current_timestamp);
Insert into application values('BUILDING_API_GET_ADDRESS', 'BUILDING API GET ADDRESS DELETE', 'Building basic (address) information', 'IMMO', current_timestamp, 'IMMO', current_timestamp);
Insert into application values('BUILDING_API_PUT_ADDRESS', 'BUILDING API PUT ADDRESS DELETE', 'Building basic (address) information update request', 'IMMO', current_timestamp, 'IMMO', current_timestamp);
Insert into application values('BUILDING_API_DELETE', 'BUILDING API DELETE', 'Building delete messages', 'IMMO', current_timestamp, 'IMMO', current_timestamp);
Insert into application values('OWNER_UPDATE', 'OWNER UPDATE', 'Owner info update messages', 'IMMO', current_timestamp, 'IMMO', current_timestamp);
Insert into application values('OWNER_DELETE', 'OWNER DELETE', 'Owner delete messages', 'IMMO', current_timestamp, 'IMMO', current_timestamp);
Insert into application values('OWNER_API_GET', 'IMMO OWNER GET', 'IMMO owner API - GET', 'IMMO', current_timestamp, 'IMMO', current_timestamp);
Insert into application values('OWNER_API_PUT', 'IMMO OWNER PUT', 'IMMO owner API - PUT', 'IMMO', current_timestamp, 'IMMO', current_timestamp);
Insert into application values('OWNER_API_DELETE', 'IMMO OWNER DELETE', 'IMMO owner API - DELETE', 'IMMO', current_timestamp, 'IMMO', current_timestamp);

Insert into caption values('428cba82-129f-4a04-b494-30fc045d137a', 'COMMON', 'eng', 'Home', 'IMMO', current_timestamp, 'IMMO', current_timestamp);
Insert into caption values('428cba82-129f-4a04-b494-30fc045d137a', 'COMMON', 'fre', 'Accueil', 'IMMO', current_timestamp, 'IMMO', current_timestamp);
Insert into caption values('75052ea6-64f8-4c61-a9ba-bdb2a4d00681', 'COMMON', 'eng', 'About', 'IMMO', current_timestamp, 'IMMO', current_timestamp);
Insert into caption values('75052ea6-64f8-4c61-a9ba-bdb2a4d00681', 'COMMON', 'fre', 'À propos', 'IMMO', current_timestamp, 'IMMO', current_timestamp);
Insert into caption values('3573d560-09c8-494d-b822-143133ca4c65', 'COMMON', 'eng', 'User', 'IMMO', current_timestamp, 'IMMO', current_timestamp);
Insert into caption values('3573d560-09c8-494d-b822-143133ca4c65', 'COMMON', 'fre', 'Utilisateur', 'IMMO', current_timestamp, 'IMMO', current_timestamp);
Insert into caption values('f25853d6-a349-417c-b36b-0413e43abb1d', 'COMMON', 'eng', 'Owners', 'IMMO', current_timestamp, 'IMMO', current_timestamp);
Insert into caption values('f25853d6-a349-417c-b36b-0413e43abb1d', 'COMMON', 'fre', 'Propriétaires', 'IMMO', current_timestamp, 'IMMO', current_timestamp);
Insert into caption values('92389dc5-a682-416c-bab5-d714888cab3c', 'COMMON', 'eng', 'Owner', 'IMMO', current_timestamp, 'IMMO', current_timestamp);
Insert into caption values('92389dc5-a682-416c-bab5-d714888cab3c', 'COMMON', 'fre', 'Propriétaire', 'IMMO', current_timestamp, 'IMMO', current_timestamp);
Insert into caption values('7700f65f-b4c5-44dd-95ad-b628419004d4', 'COMMON', 'eng', 'Buildings', 'IMMO', current_timestamp, 'IMMO', current_timestamp);
Insert into caption values('7700f65f-b4c5-44dd-95ad-b628419004d4', 'COMMON', 'fre', 'Immeubles', 'IMMO', current_timestamp, 'IMMO', current_timestamp);
Insert into caption values('91a0e783-bd48-4fbc-bc6e-ff01a02209ed', 'COMMON', 'eng', 'New', 'IMMO', current_timestamp, 'IMMO', current_timestamp);
Insert into caption values('91a0e783-bd48-4fbc-bc6e-ff01a02209ed', 'COMMON', 'fre', 'Créer', 'IMMO', current_timestamp, 'IMMO', current_timestamp);
Insert into caption values('ab3381b4-e2e5-47b6-8c29-c0c45971d8de', 'COMMON', 'eng', 'New building', 'IMMO', current_timestamp, 'IMMO', current_timestamp);
Insert into caption values('ab3381b4-e2e5-47b6-8c29-c0c45971d8de', 'COMMON', 'fre', 'Nouvel immeuble', 'IMMO', current_timestamp, 'IMMO', current_timestamp);
Insert into caption values('c1885eb6-9414-48ef-9c64-3017d7688293', 'COMMON', 'eng', 'Name', 'IMMO', current_timestamp, 'IMMO', current_timestamp);
Insert into caption values('c1885eb6-9414-48ef-9c64-3017d7688293', 'COMMON', 'fre', 'Nom', 'IMMO', current_timestamp, 'IMMO', current_timestamp);
Insert into caption values('f5e91168-412e-4048-ab4a-e37602f6653f', 'COMMON', 'eng', 'Street no.', 'IMMO', current_timestamp, 'IMMO', current_timestamp);
Insert into caption values('f5e91168-412e-4048-ab4a-e37602f6653f', 'COMMON', 'fre', 'No. rue', 'IMMO', current_timestamp, 'IMMO', current_timestamp);
Insert into caption values('d4ec6ac2-c5e5-4e9f-9267-0b94d95ffde6', 'COMMON', 'eng', 'Street', 'IMMO', current_timestamp, 'IMMO', current_timestamp);
Insert into caption values('d4ec6ac2-c5e5-4e9f-9267-0b94d95ffde6', 'COMMON', 'fre', 'Rue', 'IMMO', current_timestamp, 'IMMO', current_timestamp);
Insert into caption values('e891213d-80ce-4ed2-8a8c-af8ad991bcb4', 'COMMON', 'eng', 'City', 'IMMO', current_timestamp, 'IMMO', current_timestamp);
Insert into caption values('e891213d-80ce-4ed2-8a8c-af8ad991bcb4', 'COMMON', 'fre', 'Municipalité', 'IMMO', current_timestamp, 'IMMO', current_timestamp);
Insert into caption values('f908308c-3b94-485a-8794-7eb2d971ce04', 'COMMON', 'eng', 'Prov/State/Dept', 'IMMO', current_timestamp, 'IMMO', current_timestamp);
Insert into caption values('f908308c-3b94-485a-8794-7eb2d971ce04', 'COMMON', 'fre', 'Prov/État/Dépt', 'IMMO', current_timestamp, 'IMMO', current_timestamp);
Insert into caption values('b9aa69ab-ff77-4ddf-bc84-152ad33a799f', 'COMMON', 'eng', 'Zip code', 'IMMO', current_timestamp, 'IMMO', current_timestamp);
Insert into caption values('b9aa69ab-ff77-4ddf-bc84-152ad33a799f', 'COMMON', 'fre', 'Code postal', 'IMMO', current_timestamp, 'IMMO', current_timestamp);
Insert into caption values('4c5654a5-8927-48c9-a689-e9ff0a313fb3', 'COMMON', 'eng', 'Country', 'IMMO', current_timestamp, 'IMMO', current_timestamp);
Insert into caption values('4c5654a5-8927-48c9-a689-e9ff0a313fb3', 'COMMON', 'fre', 'Pays', 'IMMO', current_timestamp, 'IMMO', current_timestamp);
Insert into caption values('5eb6b2f8-f8c6-41f4-a6bf-22bf46c54ce8', 'COMMON', 'eng', 'Clear', 'IMMO', current_timestamp, 'IMMO', current_timestamp);
Insert into caption values('5eb6b2f8-f8c6-41f4-a6bf-22bf46c54ce8', 'COMMON', 'fre', 'Effacer', 'IMMO', current_timestamp, 'IMMO', current_timestamp);
Insert into caption values('ff18fa4d-3b66-444e-adcf-0df430cc00a2', 'COMMON', 'eng', 'Submit', 'IMMO', current_timestamp, 'IMMO', current_timestamp);
Insert into caption values('ff18fa4d-3b66-444e-adcf-0df430cc00a2', 'COMMON', 'fre', 'Soumettre', 'IMMO', current_timestamp, 'IMMO', current_timestamp);
Insert into caption values('9b5a5fc0-9727-45ec-8cfd-5c8affc803e6', 'COMMON', 'eng', 'Update', 'IMMO', current_timestamp, 'IMMO', current_timestamp);
Insert into caption values('9b5a5fc0-9727-45ec-8cfd-5c8affc803e6', 'COMMON', 'fre', 'Modifier', 'IMMO', current_timestamp, 'IMMO', current_timestamp);
Insert into caption values('7f6f9f74-9ac3-43b6-9f46-eb8dcdd08e5d', 'COMMON', 'eng', 'Delete', 'IMMO', current_timestamp, 'IMMO', current_timestamp);
Insert into caption values('7f6f9f74-9ac3-43b6-9f46-eb8dcdd08e5d', 'COMMON', 'fre', 'Supprimer', 'IMMO', current_timestamp, 'IMMO', current_timestamp);
Insert into caption values('e18b5642-8672-43de-8b6c-4bbaf6201e1f', 'COMMON', 'eng', 'Building', 'IMMO', current_timestamp, 'IMMO', current_timestamp);
Insert into caption values('e18b5642-8672-43de-8b6c-4bbaf6201e1f', 'COMMON', 'fre', 'Immeuble', 'IMMO', current_timestamp, 'IMMO', current_timestamp);
Insert into caption values('e2a528b2-1987-45a6-964e-da1f6cacfd8f', 'COMMON', 'eng', 'Units', 'IMMO', current_timestamp, 'IMMO', current_timestamp);
Insert into caption values('e2a528b2-1987-45a6-964e-da1f6cacfd8f', 'COMMON', 'fre', 'Unités', 'IMMO', current_timestamp, 'IMMO', current_timestamp);
Insert into caption values('d49656c0-6b46-42f3-8db1-b7d4d097e6cf', 'COMMON', 'eng', 'New unit', 'IMMO', current_timestamp, 'IMMO', current_timestamp);
Insert into caption values('d49656c0-6b46-42f3-8db1-b7d4d097e6cf', 'COMMON', 'fre', 'Nouvelle Unité', 'IMMO', current_timestamp, 'IMMO', current_timestamp);
Insert into caption values('3169519d-be35-4edd-89f2-c5044fbb8171', 'COMMON', 'eng', 'Unit', 'IMMO', current_timestamp, 'IMMO', current_timestamp);
Insert into caption values('3169519d-be35-4edd-89f2-c5044fbb8171', 'COMMON', 'fre', 'Unité', 'IMMO', current_timestamp, 'IMMO', current_timestamp);
Insert into caption values('9b1c952d-a849-49df-9bee-a6bc6b2fa9d5', 'COMMON', 'eng', 'New owner', 'IMMO', current_timestamp, 'IMMO', current_timestamp);
Insert into caption values('9b1c952d-a849-49df-9bee-a6bc6b2fa9d5', 'COMMON', 'fre', 'Nouveau propriétaire', 'IMMO', current_timestamp, 'IMMO', current_timestamp);
Insert into caption values('d1cde139-858c-4c72-b243-6c92fd7d761e', 'COMMON', 'eng', 'First name', 'IMMO', current_timestamp, 'IMMO', current_timestamp);
Insert into caption values('d1cde139-858c-4c72-b243-6c92fd7d761e', 'COMMON', 'fre', 'Prénom', 'IMMO', current_timestamp, 'IMMO', current_timestamp);
Insert into caption values('65ec6d29-055c-4818-9749-21fdf0d3141d', 'COMMON', 'eng', 'Last name', 'IMMO', current_timestamp, 'IMMO', current_timestamp);
Insert into caption values('65ec6d29-055c-4818-9749-21fdf0d3141d', 'COMMON', 'fre', 'Nom', 'IMMO', current_timestamp, 'IMMO', current_timestamp);
Insert into caption values('c67e340b-ee9f-4c1c-836f-9b956ba1863c', 'COMMON', 'eng', 'Address 1', 'IMMO', current_timestamp, 'IMMO', current_timestamp);
Insert into caption values('c67e340b-ee9f-4c1c-836f-9b956ba1863c', 'COMMON', 'fre', 'Adresse 1', 'IMMO', current_timestamp, 'IMMO', current_timestamp);
Insert into caption values('e7ba8bd3-0264-4c35-94f7-3e0cfb2f79c4', 'COMMON', 'eng', 'Address 2', 'IMMO', current_timestamp, 'IMMO', current_timestamp);
Insert into caption values('e7ba8bd3-0264-4c35-94f7-3e0cfb2f79c4', 'COMMON', 'fre', 'Adresse 2', 'IMMO', current_timestamp, 'IMMO', current_timestamp);
Insert into caption values('aac6fb8d-7fd9-4503-9adc-2d83fcbd3f7e', 'COMMON', 'eng', 'Phone 1', 'IMMO', current_timestamp, 'IMMO', current_timestamp);
Insert into caption values('aac6fb8d-7fd9-4503-9adc-2d83fcbd3f7e', 'COMMON', 'fre', 'Téléphone 1', 'IMMO', current_timestamp, 'IMMO', current_timestamp);
Insert into caption values('7ffb065f-78da-49e9-83c8-7bb42b42fa48', 'COMMON', 'eng', 'Phone 2', 'IMMO', current_timestamp, 'IMMO', current_timestamp);
Insert into caption values('7ffb065f-78da-49e9-83c8-7bb42b42fa48', 'COMMON', 'fre', 'Téléphone 2', 'IMMO', current_timestamp, 'IMMO', current_timestamp);
Insert into caption values('8d9c52a2-9b63-41b0-b580-7708966c3af3', 'COMMON', 'eng', 'Fax', 'IMMO', current_timestamp, 'IMMO', current_timestamp);
Insert into caption values('8d9c52a2-9b63-41b0-b580-7708966c3af3', 'COMMON', 'fre', 'Fax', 'IMMO', current_timestamp, 'IMMO', current_timestamp);
Insert into caption values('f5f21a35-515b-43f5-ae30-26f7f331def8', 'COMMON', 'eng', 'Email', 'IMMO', current_timestamp, 'IMMO', current_timestamp);
Insert into caption values('f5f21a35-515b-43f5-ae30-26f7f331def8', 'COMMON', 'fre', 'Courriel', 'IMMO', current_timestamp, 'IMMO', current_timestamp);
Insert into caption values('0cb3e007-b46c-458d-8248-6b775ffc5ab4', 'COMMON', 'eng', 'User', 'IMMO', current_timestamp, 'IMMO', current_timestamp);
Insert into caption values('0cb3e007-b46c-458d-8248-6b775ffc5ab4', 'COMMON', 'fre', 'Utilisateur', 'IMMO', current_timestamp, 'IMMO', current_timestamp);
Insert into caption values('fef6ad3b-d8bb-4ad1-9a67-005c3ef38296', 'COMMON', 'eng', 'Password', 'IMMO', current_timestamp, 'IMMO', current_timestamp);
Insert into caption values('fef6ad3b-d8bb-4ad1-9a67-005c3ef38296', 'COMMON', 'fre', 'Mot de passe', 'IMMO', current_timestamp, 'IMMO', current_timestamp);
Insert into caption values('19863e4a-63ba-44e8-85da-28d37dce7ae1', 'COMMON', 'eng', 'Login', 'IMMO', current_timestamp, 'IMMO', current_timestamp);
Insert into caption values('19863e4a-63ba-44e8-85da-28d37dce7ae1', 'COMMON', 'fre', 'Accéder', 'IMMO', current_timestamp, 'IMMO', current_timestamp);
Insert into caption values('48ae6346-c9f0-4491-a585-6717268d69d3', 'COMMON', 'eng', 'Address', 'IMMO', current_timestamp, 'IMMO', current_timestamp);
Insert into caption values('48ae6346-c9f0-4491-a585-6717268d69d3', 'COMMON', 'fre', 'Adresse', 'IMMO', current_timestamp, 'IMMO', current_timestamp);
Insert into caption values('0fec2786-0b10-4ffb-866e-8fe989311634', 'COMMON', 'eng', 'Share %', 'IMMO', current_timestamp, 'IMMO', current_timestamp);
Insert into caption values('0fec2786-0b10-4ffb-866e-8fe989311634', 'COMMON', 'fre', '% Quote-part', 'IMMO', current_timestamp, 'IMMO', current_timestamp);
Insert into caption values('d05c8867-a531-4fd6-bed1-9be4abb7e148', 'COMMON', 'eng', 'Add', 'IMMO', current_timestamp, 'IMMO', current_timestamp);
Insert into caption values('d05c8867-a531-4fd6-bed1-9be4abb7e148', 'COMMON', 'fre', 'Ajouter', 'IMMO', current_timestamp, 'IMMO', current_timestamp);
Insert into caption values('e2d0157b-0a28-48fc-a02c-863360bdfef2', 'COMMON', 'eng', 'Remove', 'IMMO', current_timestamp, 'IMMO', current_timestamp);
Insert into caption values('e2d0157b-0a28-48fc-a02c-863360bdfef2', 'COMMON', 'fre', 'Retirer', 'IMMO', current_timestamp, 'IMMO', current_timestamp);
Insert into caption values('52a6a83e-a824-4969-b22a-c22e0b43f6c1', 'COMMON', 'eng', 'Cancel', 'IMMO', current_timestamp, 'IMMO', current_timestamp);
Insert into caption values('52a6a83e-a824-4969-b22a-c22e0b43f6c1', 'COMMON', 'fre', 'Annuler', 'IMMO', current_timestamp, 'IMMO', current_timestamp);
Insert into caption values('257a419c-aee0-47f9-ad18-39acea099a26', 'COMMON', 'eng', 'Administrators', 'IMMO', current_timestamp, 'IMMO', current_timestamp);
Insert into caption values('257a419c-aee0-47f9-ad18-39acea099a26', 'COMMON', 'fre', 'Administrateurs', 'IMMO', current_timestamp, 'IMMO', current_timestamp);
Insert into caption values('ab7376ad-00a2-4908-91f7-710096c9d808', 'COMMON', 'eng', 'Fiscal exercices', 'IMMO', current_timestamp, 'IMMO', current_timestamp);
Insert into caption values('ab7376ad-00a2-4908-91f7-710096c9d808', 'COMMON', 'fre', 'Exercices fiscaux', 'IMMO', current_timestamp, 'IMMO', current_timestamp);
Insert into caption values('3dfe8200-f6c7-44d1-bd37-165e610d76f4', 'COMMON', 'eng', 'Manage quote shares', 'IMMO', current_timestamp, 'IMMO', current_timestamp);
Insert into caption values('3dfe8200-f6c7-44d1-bd37-165e610d76f4', 'COMMON', 'fre', 'Gérer les quotes part', 'IMMO', current_timestamp, 'IMMO', current_timestamp);
Insert into caption values('72ca2aa1-5dc9-4a54-a8be-d853d13018da', 'COMMON', 'eng', 'Rrefresh', 'IMMO', current_timestamp, 'IMMO', current_timestamp);
Insert into caption values('72ca2aa1-5dc9-4a54-a8be-d853d13018da', 'COMMON', 'fre', 'Rafraîchir', 'IMMO', current_timestamp, 'IMMO', current_timestamp);
Insert into caption values('35ac15cc-d3cd-4805-b5a7-31103f2f6897', 'COMMON', 'eng', 'Done', 'IMMO', current_timestamp, 'IMMO', current_timestamp);
Insert into caption values('35ac15cc-d3cd-4805-b5a7-31103f2f6897', 'COMMON', 'fre', 'Terminer', 'IMMO', current_timestamp, 'IMMO', current_timestamp);

Insert into caption values('0x00000000', 'BUILDINGS_API_POST', 'eng', 'Building added successfully', 'IMMO', current_timestamp, 'IMMO', current_timestamp);
Insert into caption values('0x00000000', 'BUILDINGS_API_POST', 'fre', 'L''immeuble a été ajouté avec succès', 'IMMO', current_timestamp, 'IMMO', current_timestamp);
Insert into caption values('0x80010001', 'BUILDINGS_API_POST', 'eng', 'Missing name', 'IMMO', current_timestamp, 'IMMO', current_timestamp);
Insert into caption values('0x80010001', 'BUILDINGS_API_POST', 'fre', 'Le nom est manquant', 'IMMO', current_timestamp, 'IMMO', current_timestamp);
Insert into caption values('0x80010002', 'BUILDINGS_API_POST', 'eng', 'Missing street number', 'IMMO', current_timestamp, 'IMMO', current_timestamp);
Insert into caption values('0x80010002', 'BUILDINGS_API_POST', 'fre', 'Le numéro de rue est manquant', 'IMMO', current_timestamp, 'IMMO', current_timestamp);
Insert into caption values('0x80010003', 'BUILDINGS_API_POST', 'eng', 'Missing street name', 'IMMO', current_timestamp, 'IMMO', current_timestamp);
Insert into caption values('0x80010003', 'BUILDINGS_API_POST', 'fre', 'Le nom de rue est manquant', 'IMMO', current_timestamp, 'IMMO', current_timestamp);
Insert into caption values('0x80010004', 'BUILDINGS_API_POST', 'eng', 'Missing city name', 'IMMO', current_timestamp, 'IMMO', current_timestamp);
Insert into caption values('0x80010004', 'BUILDINGS_API_POST', 'fre', 'Le nom de municipalité est manquant', 'IMMO', current_timestamp, 'IMMO', current_timestamp);
Insert into caption values('0x80010005', 'BUILDINGS_API_POST', 'eng', 'Missing province/state/department name', 'IMMO', current_timestamp, 'IMMO', current_timestamp);
Insert into caption values('0x80010005', 'BUILDINGS_API_POST', 'fre', 'Le nom de province/état/département est manquant', 'IMMO', current_timestamp, 'IMMO', current_timestamp);
Insert into caption values('0x80010006', 'BUILDINGS_API_POST', 'eng', 'Missing zip code', 'IMMO', current_timestamp, 'IMMO', current_timestamp);
Insert into caption values('0x80010006', 'BUILDINGS_API_POST', 'fre', 'Le code postal est manquant', 'IMMO', current_timestamp, 'IMMO', current_timestamp);
Insert into caption values('0x80010007', 'BUILDINGS_API_POST', 'eng', 'Missing country name', 'IMMO', current_timestamp, 'IMMO', current_timestamp);
Insert into caption values('0x80010007', 'BUILDINGS_API_POST', 'fre', 'Le nom de pays est manquant', 'IMMO', current_timestamp, 'IMMO', current_timestamp);
Insert into caption values('0x80020001', 'BUILDINGS_API_POST', 'eng', 'Database error', 'IMMO', current_timestamp, 'IMMO', current_timestamp);
Insert into caption values('0x80020001', 'BUILDINGS_API_POST', 'fre', 'Erreur base de données', 'IMMO', current_timestamp, 'IMMO', current_timestamp);
Insert into caption values('0x80020002', 'BUILDINGS_API_POST', 'eng', 'Database error - integrity', 'IMMO', current_timestamp, 'IMMO', current_timestamp);
Insert into caption values('0x80020002', 'BUILDINGS_API_POST', 'fre', 'Erreur base de données - intégrité', 'IMMO', current_timestamp, 'IMMO', current_timestamp);

Insert into caption values('0x00000000', 'OWNERS_API_POST', 'eng', 'Owner added successfully', 'IMMO', current_timestamp, 'IMMO', current_timestamp);
Insert into caption values('0x00000000', 'OWNERS_API_POST', 'fre', 'Le propriétaire a été ajouté avec succès', 'IMMO', current_timestamp, 'IMMO', current_timestamp);
Insert into caption values('0x80010001', 'OWNERS_API_POST', 'eng', 'Missing first name', 'IMMO', current_timestamp, 'IMMO', current_timestamp);
Insert into caption values('0x80010001', 'OWNERS_API_POST', 'fre', 'Le prénom est manquant', 'IMMO', current_timestamp, 'IMMO', current_timestamp);
Insert into caption values('0x80010002', 'OWNERS_API_POST', 'eng', 'Missing name', 'IMMO', current_timestamp, 'IMMO', current_timestamp);
Insert into caption values('0x80010002', 'OWNERS_API_POST', 'fre', 'Le nom est manquant', 'IMMO', current_timestamp, 'IMMO', current_timestamp);
Insert into caption values('0x80010003', 'OWNERS_API_POST', 'eng', 'Missing address 1', 'IMMO', current_timestamp, 'IMMO', current_timestamp);
Insert into caption values('0x80010003', 'OWNERS_API_POST', 'fre', 'L''adresse 1 est manquante', 'IMMO', current_timestamp, 'IMMO', current_timestamp);
Insert into caption values('0x80010004', 'OWNERS_API_POST', 'eng', 'Missing address 2', 'IMMO', current_timestamp, 'IMMO', current_timestamp);
Insert into caption values('0x80010004', 'OWNERS_API_POST', 'fre', 'L''adresse 2 est manquante', 'IMMO', current_timestamp, 'IMMO', current_timestamp);
Insert into caption values('0x80010005', 'OWNERS_API_POST', 'eng', 'Missing city name', 'IMMO', current_timestamp, 'IMMO', current_timestamp);
Insert into caption values('0x80010005', 'OWNERS_API_POST', 'fre', 'Le nom de municipalité est manquant', 'IMMO', current_timestamp, 'IMMO', current_timestamp);
Insert into caption values('0x80010006', 'OWNERS_API_POST', 'eng', 'Missing province/state/department name', 'IMMO', current_timestamp, 'IMMO', current_timestamp);
Insert into caption values('0x80010006', 'OWNERS_API_POST', 'fre', 'Le nom de province/état/département est manquant', 'IMMO', current_timestamp, 'IMMO', current_timestamp);
Insert into caption values('0x80010007', 'OWNERS_API_POST', 'eng', 'Missing zip code', 'IMMO', current_timestamp, 'IMMO', current_timestamp);
Insert into caption values('0x80010007', 'OWNERS_API_POST', 'fre', 'Le code postal est manquant', 'IMMO', current_timestamp, 'IMMO', current_timestamp);
Insert into caption values('0x80010008', 'OWNERS_API_POST', 'eng', 'Missing country name', 'IMMO', current_timestamp, 'IMMO', current_timestamp);
Insert into caption values('0x80010008', 'OWNERS_API_POST', 'fre', 'Le nom de pays est manquant', 'IMMO', current_timestamp, 'IMMO', current_timestamp);
Insert into caption values('0x80010009', 'OWNERS_API_POST', 'eng', 'Missing phone 1', 'IMMO', current_timestamp, 'IMMO', current_timestamp);
Insert into caption values('0x80010009', 'OWNERS_API_POST', 'fre', 'Le numéro de téléphone 1 est manquant', 'IMMO', current_timestamp, 'IMMO', current_timestamp);
Insert into caption values('0x80020001', 'OWNERS_API_POST', 'eng', 'Database error', 'IMMO', current_timestamp, 'IMMO', current_timestamp);
Insert into caption values('0x80020001', 'OWNERS_API_POST', 'fre', 'Erreur base de données', 'IMMO', current_timestamp, 'IMMO', current_timestamp);
Insert into caption values('0x80020002', 'OWNERS_API_POST', 'eng', 'Database error - integrity', 'IMMO', current_timestamp, 'IMMO', current_timestamp);
Insert into caption values('0x80020002', 'OWNERS_API_POST', 'fre', 'Erreur base de données - intégrité', 'IMMO', current_timestamp, 'IMMO', current_timestamp);

Insert into caption values('0x00000000', 'BUILDING_API_GET_ADDRESS', 'eng', 'GET Success', 'IMMO', current_timestamp, 'IMMO', current_timestamp);
Insert into caption values('0x00000000', 'BUILDING_API_GET_ADDRESS', 'fre', 'GET Succès', 'IMMO', current_timestamp, 'IMMO', current_timestamp);
Insert into caption values('0x80010001', 'BUILDING_API_GET_ADDRESS', 'eng', 'GET Failure - Not found', 'IMMO', current_timestamp, 'IMMO', current_timestamp);
Insert into caption values('0x80010001', 'BUILDING_API_GET_ADDRESS', 'fre', 'GET Échec - Non trouvé', 'IMMO', current_timestamp, 'IMMO', current_timestamp);
Insert into caption values('0x80020001', 'BUILDING_API_GET_ADDRESS', 'eng', 'Database error', 'IMMO', current_timestamp, 'IMMO', current_timestamp);
Insert into caption values('0x80020001', 'BUILDING_API_GET_ADDRESS', 'fre', 'Erreur base de données', 'IMMO', current_timestamp, 'IMMO', current_timestamp);

Insert into caption values('0x00000000', 'BUILDING_API_PUT_ADDRESS', 'eng', 'PUT Success', 'IMMO', current_timestamp, 'IMMO', current_timestamp);
Insert into caption values('0x00000000', 'BUILDING_API_PUT_ADDRESS', 'fre', 'PUT Succès', 'IMMO', current_timestamp, 'IMMO', current_timestamp);
Insert into caption values('0x80010001', 'BUILDING_API_PUT_ADDRESS', 'eng', 'PUT Failure - Not found', 'IMMO', current_timestamp, 'IMMO', current_timestamp);
Insert into caption values('0x80010001', 'BUILDING_API_PUT_ADDRESS', 'fre', 'PUT Échec - Non trouvé', 'IMMO', current_timestamp, 'IMMO', current_timestamp);
Insert into caption values('0x80020001', 'BUILDING_API_PUT_ADDRESS', 'eng', 'Database error', 'IMMO', current_timestamp, 'IMMO', current_timestamp);
Insert into caption values('0x80020001', 'BUILDING_API_PUT_ADDRESS', 'fre', 'Erreur base de données', 'IMMO', current_timestamp, 'IMMO', current_timestamp);

Insert into caption values('0x00000000', 'BUILDING_API_DELETE', 'eng', 'DELETE Success', 'IMMO', current_timestamp, 'IMMO', current_timestamp);
Insert into caption values('0x00000000', 'BUILDING_API_DELETE', 'fre', 'DELETE Succès', 'IMMO', current_timestamp, 'IMMO', current_timestamp);
Insert into caption values('0x80010001', 'BUILDING_API_DELETE', 'eng', 'DELETE Failure - Not found', 'IMMO', current_timestamp, 'IMMO', current_timestamp);
Insert into caption values('0x80010001', 'BUILDING_API_DELETE', 'fre', 'DELETE Échec - Non trouvé', 'IMMO', current_timestamp, 'IMMO', current_timestamp);
Insert into caption values('0x80020001', 'BUILDING_API_DELETE', 'eng', 'Database error', 'IMMO', current_timestamp, 'IMMO', current_timestamp);
Insert into caption values('0x80020001', 'BUILDING_API_DELETE', 'fre', 'Erreur base de données', 'IMMO', current_timestamp, 'IMMO', current_timestamp);

Insert into caption values('0x00000000', 'OWNER_API_GET', 'eng', 'GET Success', 'IMMO', current_timestamp, 'IMMO', current_timestamp);
Insert into caption values('0x00000000', 'OWNER_API_GET', 'fre', 'GET Succès', 'IMMO', current_timestamp, 'IMMO', current_timestamp);
Insert into caption values('0x80010001', 'OWNER_API_GET', 'eng', 'GET Failure - Not found', 'IMMO', current_timestamp, 'IMMO', current_timestamp);
Insert into caption values('0x80010001', 'OWNER_API_GET', 'fre', 'GET Échec - Non trouvé', 'IMMO', current_timestamp, 'IMMO', current_timestamp);
Insert into caption values('0x80020001', 'OWNER_API_GET', 'eng', 'Database error', 'IMMO', current_timestamp, 'IMMO', current_timestamp);
Insert into caption values('0x80020001', 'OWNER_API_GET', 'fre', 'Erreur base de données', 'IMMO', current_timestamp, 'IMMO', current_timestamp);

Insert into caption values('0x00000000', 'OWNER_API_PUT', 'eng', 'PUT Success', 'IMMO', current_timestamp, 'IMMO', current_timestamp);
Insert into caption values('0x00000000', 'OWNER_API_PUT', 'fre', 'PUT Succès', 'IMMO', current_timestamp, 'IMMO', current_timestamp);
Insert into caption values('0x80010001', 'OWNER_API_PUT', 'eng', 'PUT Failure - Not found', 'IMMO', current_timestamp, 'IMMO', current_timestamp);
Insert into caption values('0x80010001', 'OWNER_API_PUT', 'fre', 'PUT Échec - Non trouvé', 'IMMO', current_timestamp, 'IMMO', current_timestamp);
Insert into caption values('0x80020001', 'OWNER_API_PUT', 'eng', 'Database error', 'IMMO', current_timestamp, 'IMMO', current_timestamp);
Insert into caption values('0x80020001', 'OWNER_API_PUT', 'fre', 'Erreur base de données', 'IMMO', current_timestamp, 'IMMO', current_timestamp);

Insert into caption values('0x00000000', 'OWNER_API_DELETE', 'eng', 'DELETE Success', 'IMMO', current_timestamp, 'IMMO', current_timestamp);
Insert into caption values('0x00000000', 'OWNER_API_DELETE', 'fre', 'DELETE Succès', 'IMMO', current_timestamp, 'IMMO', current_timestamp);
Insert into caption values('0x80010001', 'OWNER_API_DELETE', 'eng', 'DELETE Failure - Not found', 'IMMO', current_timestamp, 'IMMO', current_timestamp);
Insert into caption values('0x80010001', 'OWNER_API_DELETE', 'fre', 'DELETE Échec - Non trouvé', 'IMMO', current_timestamp, 'IMMO', current_timestamp);
Insert into caption values('0x80020001', 'OWNER_API_DELETE', 'eng', 'Database error', 'IMMO', current_timestamp, 'IMMO', current_timestamp);
Insert into caption values('0x80020001', 'OWNER_API_DELETE', 'fre', 'Erreur base de données', 'IMMO', current_timestamp, 'IMMO', current_timestamp);

Insert into caption values('MSG_1', 'UNITS_FORM', 'eng', 'Please select an owner', 'IMMO', current_timestamp, 'IMMO', current_timestamp);
Insert into caption values('MSG_1', 'UNITS_FORM', 'fre', 'Veuillez svp choisir un propriétaire', 'IMMO', current_timestamp, 'IMMO', current_timestamp);

Insert into caption values('MSG_1', 'BUILDING_CREATE', 'eng', 'Building - create', 'IMMO', current_timestamp, 'IMMO', current_timestamp);
Insert into caption values('MSG_1', 'BUILDING_CREATE', 'fre', 'Immeuble - création', 'IMMO', current_timestamp, 'IMMO', current_timestamp);

Insert into caption values('MSG_1', 'BUILDING_UPDATE', 'eng', 'Building - update', 'IMMO', current_timestamp, 'IMMO', current_timestamp);
Insert into caption values('MSG_1', 'BUILDING_UPDATE', 'fre', 'Immeuble - mise à jour', 'IMMO', current_timestamp, 'IMMO', current_timestamp);

Insert into caption values('MSG_1', 'BUILDING_DELETE', 'eng', 'Building - delete', 'IMMO', current_timestamp, 'IMMO', current_timestamp);
Insert into caption values('MSG_1', 'BUILDING_DELETE', 'fre', 'Immeuble - suppression', 'IMMO', current_timestamp, 'IMMO', current_timestamp);
Insert into caption values('MSG_2', 'BUILDING_DELETE', 'eng', 'Please confirm you want to delete this building', 'IMMO', current_timestamp, 'IMMO', current_timestamp);
Insert into caption values('MSG_2', 'BUILDING_DELETE', 'fre', 'Veuillez svp confirmer la suppression de l''immeuble', 'IMMO', current_timestamp, 'IMMO', current_timestamp);

Insert into caption values('MSG_1', 'OWNER_UPDATE', 'eng', 'Owner - update', 'IMMO', current_timestamp, 'IMMO', current_timestamp);
Insert into caption values('MSG_1', 'OWNER_UPDATE', 'fre', 'Propriétaire - mise à jour', 'IMMO', current_timestamp, 'IMMO', current_timestamp);

Insert into caption values('MSG_1', 'OWNER_DELETE', 'eng', 'Owner - delete', 'IMMO', current_timestamp, 'IMMO', current_timestamp);
Insert into caption values('MSG_1', 'OWNER_DELETE', 'fre', 'propriétaire - suppression', 'IMMO', current_timestamp, 'IMMO', current_timestamp);
Insert into caption values('MSG_2', 'OWNER_DELETE', 'eng', 'Please confirm you want to delete this owner', 'IMMO', current_timestamp, 'IMMO', current_timestamp);
Insert into caption values('MSG_2', 'OWNER_DELETE', 'fre', 'Veuillez svp confirmer la suppression du propriétaire', 'IMMO', current_timestamp, 'IMMO', current_timestamp);

Insert into caption values('0x00000000', 'UNITS_API_POST', 'eng', 'Unit added successfully', 'IMMO', current_timestamp, 'IMMO', current_timestamp);
Insert into caption values('0x00000000', 'UNITS_API_POST', 'fre', 'L''unité a été ajoutée avec succès', 'IMMO', current_timestamp, 'IMMO', current_timestamp);
Insert into caption values('0x80010001', 'UNITS_API_POST', 'eng', 'Missing name', 'IMMO', current_timestamp, 'IMMO', current_timestamp);
Insert into caption values('0x80010001', 'UNITS_API_POST', 'fre', 'Le nom est manquant', 'IMMO', current_timestamp, 'IMMO', current_timestamp);
Insert into caption values('0x80010002', 'UNITS_API_POST', 'eng', 'Missing share %', 'IMMO', current_timestamp, 'IMMO', current_timestamp);
Insert into caption values('0x80010002', 'UNITS_API_POST', 'fre', 'Le % de quote-part est manquant', 'IMMO', current_timestamp, 'IMMO', current_timestamp);
Insert into caption values('0x80010003', 'UNITS_API_POST', 'eng', 'Unit must have at least one owner', 'IMMO', current_timestamp, 'IMMO', current_timestamp);
Insert into caption values('0x80010003', 'UNITS_API_POST', 'fre', 'L''unité doit avoir au moins un(e) propriétaire', 'IMMO', current_timestamp, 'IMMO', current_timestamp);
Insert into caption values('0x80020001', 'UNITS_API_POST', 'eng', 'Database error', 'IMMO', current_timestamp, 'IMMO', current_timestamp);
Insert into caption values('0x80020001', 'UNITS_API_POST', 'fre', 'Erreur base de données', 'IMMO', current_timestamp, 'IMMO', current_timestamp);
Insert into caption values('0x80020002', 'UNITS_API_POST', 'eng', 'Database error - integrity', 'IMMO', current_timestamp, 'IMMO', current_timestamp);
Insert into caption values('0x80020002', 'UNITS_API_POST', 'fre', 'Erreur base de données - intégrité', 'IMMO', current_timestamp, 'IMMO', current_timestamp);
